latitude,longitude,elevation,utc_offset_seconds,timezone,timezone_abbreviation,,,,,,,,
-8.119508,-34.952972,13.0,-10800,America/Sao_Paulo,GMT-3,,,,,,,,
,,,,,,,,,,,,,
time,temp_mean,temp_max,temp_min,precip_sum,rain_sum,precip_hours,radiation,wind_speed,wind_gusts,humidity,dewpoint,cloud_cover,pressure
2025-10-20,26.1,28.2,24.5,1.40,1.40,8.0,23.96,17.1,41.4,77,21.7,40,1013.6
2025-10-21,25.8,28.5,24.4,2.90,2.90,9.0,24.81,18.3,43.9,71,20.1,20,1015.4
2025-10-22,26.0,28.6,23.8,0.40,0.40,3.0,26.47,16.9,41.0,68,19.4,21,1015.8
2025-10-23,25.5,27.6,23.7,3.30,3.30,17.0,24.57,22.9,52.6,75,20.7,48,1016.2
2025-10-24,25.1,26.7,24.1,3.60,3.60,11.0,18.00,23.0,51.8,78,21.0,45,1016.1
2025-10-25,25.3,27.7,23.3,4.00,4.00,16.0,24.06,24.3,53.3,72,19.8,34,1015.7
2025-10-26,24.6,26.2,23.4,4.20,4.20,17.0,22.97,21.8,49.7,75,20.0,40,1015.0
2025-10-27,25.4,27.6,23.5,4.20,4.20,19.0,25.01,20.1,47.5,75,20.5,29,1015.4
2025-10-28,24.7,27.0,22.0,5.40,5.40,16.0,21.50,22.1,50.0,79,20.8,51,1016.1
2025-10-29,25.2,27.4,23.2,4.30,4.30,14.0,25.41,19.1,44.6,76,20.7,21,1016.2
2025-10-30,25.4,27.6,23.5,0.90,0.90,7.0,25.13,16.2,39.2,75,20.7,24,1015.2
2025-10-31,25.7,27.8,23.8,0.10,0.10,1.0,25.66,15.0,35.6,71,19.9,32,1014.7
2025-11-01,25.8,28.1,24.1,0.00,0.00,0.0,23.91,14.5,37.1,69,19.6,31,1014.7
2025-11-02,25.4,27.6,23.2,0.70,0.70,4.0,25.00,13.9,34.2,75,20.6,30,1014.4
2025-11-03,26.4,29.3,24.1,0.40,0.40,3.0,25.47,15.6,37.4,70,20.3,27,1014.5
2025-11-04,26.5,28.7,24.8,0.60,0.60,3.0,25.68,17.7,41.8,71,20.7,48,1014.2
2025-11-05,26.3,28.1,24.7,1.40,1.40,6.0,24.20,16.1,40.0,72,20.8,60,1014.3
2025-11-06,26.3,29.2,23.3,0.40,0.40,3.0,24.64,17.4,41.0,72,20.7,72,1013.3
2025-11-07,26.4,30.0,23.2,0.20,0.20,2.0,26.64,17.0,42.1,74,21.2,52,1012.2
2025-11-08,26.8,29.7,24.7,0.00,0.00,0.0,27.36,15.2,38.9,72,21.3,79,1012.6
2025-11-09,26.9,30.1,24.6,0.00,0.00,0.0,25.80,17.7,41.8,70,20.8,65,1013.2
2025-11-10,26.9,29.7,24.2,0.40,0.40,4.0,26.23,16.0,41.0,68,20.3,59,1014.3
2025-11-11,26.3,28.6,24.9,1.90,1.90,11.0,25.89,18.0,42.1,69,20.2,56,1014.4
2025-11-12,26.2,28.7,24.4,0.80,0.80,3.0,26.16,16.5,40.7,66,19.3,20,1014.9
2025-11-13,25.7,27.9,23.1,3.50,3.50,10.0,23.42,20.1,47.5,70,19.7,43,1015.3
2025-11-14,25.8,28.1,24.2,5.40,5.40,16.0,25.41,20.5,46.1,71,20.0,31,1015.6
2025-11-15,25.8,28.1,23.1,1.60,1.60,9.0,25.50,18.4,44.3,71,20.0,33,1014.3
2025-11-16,26.0,28.1,24.0,0.50,0.50,4.0,24.36,16.8,41.4,69,19.9,50,1013.7
2025-11-17,26.6,29.6,24.6,0.00,0.00,0.0,20.22,13.7,35.3,67,19.9,86,1013.6
2025-11-18,26.6,29.5,24.5,1.30,1.30,5.0,26.43,16.8,41.8,75,21.7,45,1012.8
2025-11-19,26.9,29.8,24.7,0.00,0.00,0.0,24.42,22.0,51.5,68,20.3,73,1011.5
2025-11-20,26.9,29.6,24.1,0.60,0.60,4.0,24.43,21.0,48.6,69,20.6,86,1011.5
2025-11-21,26.7,29.1,24.6,1.80,1.80,13.0,24.56,17.5,43.6,73,21.4,75,1013.1
2025-11-22,26.7,29.0,24.2,0.70,0.70,4.0,25.14,17.7,43.6,72,21.2,72,1013.2
2025-11-23,26.4,29.2,23.8,1.00,1.00,8.0,26.10,17.8,42.8,71,20.5,23,1013.1
2025-11-24,26.6,29.1,24.3,0.20,0.20,2.0,25.43,18.2,43.6,70,20.6,41,1012.3
2025-11-25,26.3,28.6,24.2,3.50,3.50,13.0,25.24,18.0,43.2,77,21.8,43,1012.6
2025-11-26,26.7,28.9,24.9,1.10,1.10,6.0,25.58,17.9,42.8,75,21.8,54,1012.5
2025-11-27,27.2,29.5,25.4,0.30,0.30,3.0,25.82,16.4,40.7,70,21.0,63,1012.8
2025-11-28,26.9,28.9,25.1,1.20,1.20,7.0,25.75,17.3,42.5,70,21.0,52,1012.7
2025-11-29,26.8,29.2,25.2,1.10,1.10,7.0,25.74,16.8,41.8,70,20.8,76,1011.7
2025-11-30,26.8,28.9,25.2,0.50,0.50,3.0,25.59,16.5,40.7,67,20.2,84,1010.8
2025-12-01,27.2,29.9,24.9,0.20,0.20,2.0,23.49,14.6,37.1,63,19.3,67,1011.0
2025-12-02,26.5,28.7,24.7,2.60,2.60,13.0,24.32,17.6,42.5,75,21.7,77,1011.6
2025-12-03,26.7,28.5,25.3,0.70,0.70,5.0,25.50,15.1,38.2,75,21.8,37,1012.1
2025-12-04,26.6,29.0,24.9,1.80,1.80,10.0,22.58,17.0,42.1,78,22.3,86,1011.4
2025-12-05,27.5,30.1,25.6,0.30,0.30,2.0,25.03,17.8,41.8,66,20.5,81,1012.6
2025-12-06,26.6,29.1,24.3,2.80,2.80,10.0,22.50,18.9,46.1,74,21.4,92,1013.7
2025-12-07,26.9,29.5,24.9,1.10,1.10,8.0,22.53,16.9,41.0,71,21.2,99,1013.9
2025-12-08,26.3,28.3,24.2,4.00,4.00,10.0,23.37,20.6,47.9,75,21.5,95,1013.7
2025-12-09,25.9,29.0,23.6,2.70,2.70,15.0,25.95,15.7,37.1,80,21.9,36,1013.5
2025-12-10,26.7,28.7,25.0,1.10,1.10,6.0,25.01,16.0,39.2,72,21.2,31,1013.5
2025-12-11,27.1,29.5,25.1,0.10,0.10,1.0,24.08,16.1,40.3,70,21.0,38,1012.2
2025-12-12,27.1,29.5,25.2,0.00,0.00,0.0,26.53,17.6,43.6,70,21.2,22,1011.4
2025-12-13,26.9,29.2,25.1,0.60,0.60,6.0,24.96,18.5,44.6,69,20.7,48,1011.6
2025-12-14,27.0,30.1,25.3,0.10,0.10,1.0,26.49,18.0,43.6,65,19.7,41,1012.3
2025-12-15,26.6,29.0,25.0,1.70,1.70,14.0,24.17,17.3,41.8,72,21.0,39,1012.0
2025-12-16,26.6,28.4,25.2,0.70,0.70,6.0,24.72,16.5,40.7,71,20.9,30,1011.6
2025-12-17,26.4,28.7,24.3,0.60,0.60,4.0,24.17,17.1,40.3,69,20.3,36,1011.3
2025-12-18,26.8,29.9,24.6,0.20,0.20,2.0,25.79,17.2,42.8,65,19.5,41,1011.5
2025-12-19,26.6,29.0,24.6,2.20,2.20,13.0,25.74,16.6,41.4,71,20.8,25,1012.0
2025-12-20,27.0,29.4,25.4,1.10,1.10,11.0,25.57,18.0,44.3,69,20.7,31,1012.2
2025-12-21,26.9,29.2,24.9,0.60,0.60,4.0,25.30,18.0,42.1,69,20.7,37,1012.0
2025-12-22,26.8,29.9,24.6,2.50,2.50,9.0,21.33,18.7,44.6,69,20.3,99,1012.3
2025-12-23,26.0,28.2,23.9,3.40,3.40,15.0,20.85,20.7,49.0,75,21.1,63,1013.0
2025-12-24,25.5,27.0,24.0,5.30,5.30,21.0,22.72,17.4,40.7,77,21.1,69,1011.6
2025-12-25,25.6,28.1,23.0,3.00,3.00,12.0,24.64,13.7,34.2,78,21.5,56,1012.5
2025-12-26,26.4,28.8,24.2,0.90,0.90,7.0,25.05,15.4,37.8,76,21.7,63,1013.7
2025-12-27,27.0,29.3,25.1,0.30,0.30,3.0,25.12,17.0,41.4,74,21.8,29,1013.4
2025-12-28,26.9,29.4,24.4,1.60,1.60,11.0,25.80,17.0,41.4,77,22.3,37,1012.3
2025-12-29,27.2,29.8,24.8,1.20,1.20,10.0,26.01,18.1,44.3,76,22.5,26,1012.2
2025-12-30,27.6,30.8,25.3,1.10,1.10,8.0,23.89,17.5,42.5,71,21.6,57,1013.3
2025-12-31,27.3,30.5,24.7,1.60,1.60,10.0,24.71,17.1,42.5,70,21.0,67,1014.4
2026-01-01,26.8,29.6,24.2,0.90,0.90,8.0,25.50,17.1,41.8,75,21.8,28,1013.1
2026-01-02,27.3,30.2,25.0,0.00,0.00,0.0,25.19,19.9,46.8,70,21.2,25,1011.6
2026-01-03,27.7,30.8,25.2,0.30,0.30,2.0,26.51,21.2,50.8,68,21.1,22,1012.1
2026-01-04,27.4,30.3,24.4,1.40,1.40,7.0,25.88,18.9,45.4,71,21.4,24,1013.2
2026-01-05,27.7,30.2,25.5,0.20,0.20,2.0,25.34,17.2,43.2,65,20.5,46,1012.9
2026-01-06,27.3,29.2,26.1,1.70,1.70,7.0,24.80,16.8,42.8,66,20.4,45,1013.6
2026-01-07,27.4,30.4,25.0,0.30,0.30,2.0,25.69,14.9,37.4,65,20.1,72,1014.0
2026-01-08,26.4,28.6,23.6,1.60,1.60,10.0,24.53,14.0,36.7,76,21.7,42,1013.5
2026-01-09,26.3,28.6,23.7,1.30,1.30,11.0,24.74,15.1,38.2,78,22.1,50,1013.7
2026-01-10,27.2,29.6,25.2,2.60,2.60,18.0,26.14,17.8,43.2,75,22.2,25,1012.6
2026-01-11,26.8,29.1,24.3,4.10,4.10,13.0,24.99,16.1,39.6,75,21.9,35,1013.0
2026-01-12,27.2,29.7,23.5,4.50,4.50,11.0,25.01,21.9,52.6,70,21.2,50,1013.3
2026-01-13,27.4,30.2,25.5,1.00,1.00,5.0,25.26,21.5,50.8,66,20.3,84,1013.0
2026-01-14,27.0,29.6,25.2,3.40,3.40,12.0,22.68,19.0,45.0,71,21.0,87,1012.8
2026-01-15,26.3,29.3,24.2,4.60,4.60,15.0,23.98,18.6,43.9,77,21.9,92,1012.8
2026-01-16,25.8,28.5,23.1,4.20,4.20,12.0,21.77,15.0,37.4,80,22.1,51,1012.8
2026-01-17,26.9,29.2,25.2,0.80,0.80,2.0,26.32,16.6,40.0,72,21.3,43,1011.9
2026-01-18,26.7,29.0,24.4,5.80,5.80,11.0,25.59,18.6,44.3,75,21.8,83,1011.7
2026-01-19,26.6,29.6,24.0,8.10,8.10,13.0,23.87,18.5,41.8,77,22.1,97,1011.5
2026-01-20,26.1,28.6,23.2,5.50,5.50,10.0,17.06,15.2,35.6,78,21.7,100,1011.8
2026-01-21,27.0,28.9,25.9,2.60,2.60,11.0,24.20,17.9,43.2,70,21.0,87,1011.9
2026-01-22,27.2,30.5,24.8,0.60,0.60,5.0,26.47,20.4,47.2,68,20.5,34,1011.7
2026-01-23,27.2,30.7,25.2,1.60,1.60,7.0,25.78,16.5,39.2,67,20.3,24,1012.4
2026-01-24,26.4,29.1,24.3,3.30,3.30,13.0,25.56,17.7,42.8,76,21.6,36,1013.4
2026-01-25,26.0,28.7,22.5,4.60,4.60,13.0,24.38,15.9,37.4,80,22.1,44,1014.1
2026-01-26,27.1,29.6,24.5,3.30,3.30,14.0,25.42,18.2,43.6,74,22.0,57,1014.0
2026-01-27,27.4,29.8,25.4,1.00,1.00,8.0,22.13,17.8,41.4,71,21.5,96,1014.1
2026-01-28,27.2,29.9,24.5,3.30,3.30,11.0,24.26,17.7,41.4,74,21.9,76,1014.4
2026-01-29,27.6,29.7,26.0,0.00,0.00,0.0,27.18,14.6,36.4,70,21.6,23,1014.3
2026-01-30,27.8,30.4,25.2,0.10,0.10,1.0,26.92,15.6,38.5,68,21.1,86,1013.6
2026-01-31,27.8,30.1,25.9,0.20,0.20,2.0,24.47,17.1,41.0,70,21.7,75,1013.1
2026-02-01,27.5,30.1,25.4,0.20,0.20,2.0,24.68,14.8,38.5,71,21.7,43,1012.1
2026-02-02,27.8,30.4,25.5,0.40,0.40,3.0,25.30,14.8,39.2,69,21.4,33,1012.5
2026-02-03,28.0,31.5,24.5,0.00,0.00,0.0,26.88,16.9,41.4,66,20.8,26,1012.5
2026-02-04,28.2,31.0,26.2,0.80,0.80,6.0,26.67,14.9,39.2,67,21.2,19,1012.6
2026-02-05,26.9,29.5,24.2,1.70,1.70,11.0,23.70,17.1,42.8,74,21.8,82,1012.2
2026-02-06,26.6,29.7,24.4,1.10,1.10,5.0,23.44,19.0,45.7,74,21.6,60,1012.8
2026-02-07,25.2,27.4,23.3,17.50,17.50,13.0,12.93,12.1,29.9,86,22.7,95,1014.5
2026-02-08,25.6,28.3,23.1,4.20,4.20,13.0,14.59,13.6,32.0,83,22.5,99,1015.4
2026-02-09,27.2,29.4,25.8,1.30,1.30,7.0,24.45,15.3,35.6,73,21.9,72,1014.8
2026-02-10,27.4,29.5,25.4,0.30,0.30,3.0,24.74,17.8,42.5,71,21.5,81,1013.6
2026-02-11,27.3,29.3,25.7,0.90,0.90,7.0,24.31,19.1,45.4,70,21.3,85,1013.8
2026-02-12,25.2,26.6,24.6,11.40,11.40,8.0,9.29,8.3,22.7,84,22.3,90,1014.7
2026-02-13,25.2,27.4,23.6,14.10,14.10,19.0,18.70,13.3,33.1,85,22.6,79,1014.3
2026-02-14,25.7,28.1,23.4,4.70,4.70,18.0,22.85,16.7,39.6,84,22.7,71,1012.9
2026-02-15,25.9,28.4,23.0,3.50,3.50,10.0,24.99,14.4,35.6,80,22.1,71,1013.0
2026-02-16,26.3,28.4,24.2,1.60,1.60,10.0,24.64,15.9,37.1,79,22.2,85,1013.6
2026-02-17,26.8,28.7,24.7,2.60,2.60,16.0,24.94,16.4,40.3,78,22.6,71,1013.0
2026-02-18,26.8,29.1,24.3,1.50,1.50,9.0,19.80,11.3,26.6,80,22.9,87,1012.4
2026-02-19,27.3,30.1,24.5,1.50,1.50,8.0,24.33,14.8,36.0,78,22.9,85,1011.5
2026-02-20,27.6,30.3,24.7,0.30,0.30,3.0,25.94,15.6,39.2,72,22.1,64,1011.6
2026-02-21,27.9,30.9,25.0,0.10,0.10,1.0,26.17,14.9,37.8,70,21.8,54,1012.6
2026-02-22,28.3,31.2,26.2,0.00,0.00,0.0,24.65,15.8,40.7,67,21.4,78,1012.3
2026-02-23,27.7,30.6,24.9,1.80,1.80,10.0,25.14,16.1,39.6,74,22.6,41,1011.1
2026-02-24,27.0,29.8,23.6,3.80,3.80,10.0,25.51,13.0,32.8,79,22.9,34,1010.3
2026-02-25,28.1,31.0,25.4,2.00,2.00,10.0,25.44,15.9,39.6,73,22.5,50,1009.5
2026-02-26,28.2,31.5,25.5,1.10,1.10,10.0,20.80,16.8,41.8,71,22.3,97,1010.2
2026-02-27,27.6,30.8,24.5,1.50,1.50,11.0,25.46,17.8,41.4,75,22.6,93,1010.2
2026-02-28,27.5,30.2,24.4,1.70,1.70,7.0,23.63,15.5,38.2,74,22.3,100,1010.3
2026-03-01,26.5,28.9,24.1,3.30,3.30,11.0,17.37,11.5,31.0,80,22.8,100,1010.6
2026-03-02,26.4,30.2,23.4,9.20,9.20,11.0,23.45,13.3,36.4,83,23.1,97,1010.6
2026-03-03,26.8,29.2,24.0,1.10,1.10,7.0,24.31,13.5,33.8,80,22.9,91,1010.6
2026-03-04,27.5,29.7,25.9,0.00,0.00,0.0,26.04,16.4,39.6,70,21.3,85,1010.9
2026-03-05,26.5,29.8,24.5,4.00,4.00,9.0,21.15,18.4,44.3,76,21.8,87,1012.0
2026-03-06,27.3,30.3,24.6,1.70,1.70,9.0,26.76,19.6,48.2,74,22.0,35,1011.9
2026-03-07,26.0,28.3,23.7,4.20,4.20,15.0,22.44,17.4,42.8,82,22.6,44,1011.1
2026-03-08,27.1,30.1,23.6,1.40,1.40,10.0,25.11,15.1,37.8,74,22.0,35,1011.0
2026-03-09,27.9,29.7,25.9,0.30,0.30,3.0,24.44,12.8,32.0,72,22.3,35,1012.2
2026-03-10,28.5,31.0,26.6,0.00,0.00,0.0,25.61,16.5,39.6,65,21.2,27,1012.3
2026-03-11,28.3,31.1,26.6,0.00,0.00,0.0,25.56,16.3,43.2,66,21.3,15,1011.5
2026-03-12,28.4,31.0,26.4,0.40,0.40,4.0,26.09,15.1,38.5,65,21.0,19,1011.3
2026-03-13,27.3,30.1,24.1,0.40,0.40,2.0,26.24,13.1,33.8,79,23.1,90,1011.6
2026-03-14,28.3,30.9,25.3,0.60,0.60,4.0,24.95,14.1,36.7,73,22.7,79,1011.1
2026-03-15,28.4,30.9,26.0,0.40,0.40,1.0,25.80,13.3,36.0,70,22.4,32,1010.8
2026-03-16,27.5,31.1,23.9,3.90,3.90,15.0,25.05,15.2,38.2,75,22.4,40,1011.4
2026-03-17,27.6,30.4,24.3,2.30,2.30,15.0,24.22,16.9,42.5,73,22.2,67,1011.5
2026-03-18,28.7,30.7,27.0,0.00,0.00,0.0,25.21,16.3,41.8,64,21.2,63,1010.7
2026-03-19,28.6,30.8,25.9,0.00,0.00,0.0,25.68,13.5,36.7,64,21.1,63,1010.0
2026-03-20,28.6,31.4,26.0,0.50,0.50,4.0,25.79,14.2,36.7,66,21.6,50,1010.2
2026-03-21,28.4,30.7,26.4,0.70,0.70,6.0,24.96,14.3,36.7,70,22.3,18,1011.0
2026-03-22,27.4,30.1,24.7,1.70,1.70,11.0,24.85,16.1,40.3,79,23.3,32,1011.7
2026-03-23,27.5,30.7,24.0,1.90,1.90,10.0,24.31,16.4,40.3,74,22.2,69,1011.4
2026-03-24,28.8,31.5,26.5,0.20,0.20,2.0,25.80,15.5,40.0,63,20.9,47,1011.6
2026-03-25,27.7,30.2,25.4,2.80,2.80,18.0,24.61,16.3,39.6,72,22.0,43,1011.8
2026-03-26,26.0,29.2,22.7,4.90,4.90,16.0,22.04,17.5,43.6,81,22.3,94,1011.7
2026-03-27,25.8,29.2,23.8,5.90,5.90,21.0,20.95,18.5,43.9,84,22.8,93,1011.3
2026-03-28,25.9,29.0,23.4,8.80,8.80,18.0,21.35,12.6,31.7,85,23.0,80,1011.9
2026-03-29,26.2,30.0,23.5,1.70,1.70,10.0,22.69,14.6,35.3,84,23.0,87,1011.4
2026-03-30,25.5,28.3,23.8,12.10,12.10,21.0,18.81,16.7,39.6,88,23.3,95,1011.2
2026-03-31,25.5,28.0,23.7,16.40,16.40,19.0,17.89,13.4,34.6,89,23.5,92,1011.1
2026-04-01,24.8,27.0,23.7,17.90,17.90,23.0,12.74,12.6,32.8,91,23.2,100,1011.6
2026-04-02,25.8,28.4,23.3,3.50,3.50,16.0,22.01,12.1,30.6,87,23.4,67,1012.1
2026-04-03,26.5,29.2,23.6,2.80,2.80,10.0,23.89,15.3,37.8,83,23.2,43,1013.5
2026-04-04,26.6,28.7,24.5,3.50,3.50,17.0,21.86,17.4,41.4,81,22.9,59,1013.3
2026-04-05,25.5,27.8,24.2,9.30,9.30,22.0,17.78,14.4,35.6,88,23.3,82,1012.9
2026-04-06,26.1,29.9,23.7,18.10,18.10,14.0,22.87,16.4,40.7,85,23.2,76,1013.5
2026-04-07,25.3,28.2,24.1,29.60,29.60,23.0,12.71,14.9,35.6,90,23.5,100,1014.1
2026-04-08,25.6,27.2,24.0,10.50,10.50,17.0,14.63,15.2,35.6,87,23.3,91,1013.0
2026-04-09,26.5,29.4,23.3,0.10,0.10,1.0,23.61,14.0,34.2,77,21.9,74,1012.1
2026-04-10,26.8,29.0,24.0,1.20,1.20,7.0,21.51,12.7,30.2,78,22.6,83,1012.6
2026-04-11,26.9,30.2,24.7,2.50,2.50,6.0,23.50,16.0,37.8,79,22.9,64,1012.9
2026-04-12,25.3,27.5,23.6,17.30,17.30,20.0,14.43,17.1,39.6,88,23.1,100,1013.1
2026-04-13,26.1,28.7,23.6,1.80,1.80,13.0,20.53,13.4,33.8,85,23.3,97,1011.5
2026-04-14,26.3,28.2,24.0,5.20,5.20,18.0,15.01,15.9,37.8,81,22.7,87,1010.5
2026-04-15,27.2,29.6,25.4,0.40,0.40,2.0,22.14,14.4,34.6,74,22.1,86,1010.7
2026-04-16,25.9,28.5,23.7,3.70,3.70,13.0,22.30,16.0,38.5,85,23.1,96,1010.6
2026-04-17,25.9,28.8,23.3,4.00,4.00,13.0,22.56,14.8,36.0,86,23.3,63,1009.3
2026-04-18,26.9,29.5,24.1,1.70,1.70,14.0,22.72,17.5,40.0,82,23.5,99,1008.6
2026-04-19,26.6,29.0,23.6,4.40,4.40,16.0,21.52,15.5,31.7,85,23.7,100,1010.1
2026-04-20,25.8,28.1,23.7,5.30,5.30,14.0,19.77,14.7,37.8,88,23.5,96,1011.4
2026-04-21,26.7,29.4,23.7,2.00,2.00,10.0,22.75,16.8,38.9,79,22.5,47,1011.8
2026-04-22,26.4,28.9,23.6,0.90,0.90,6.0,23.32,14.0,31.7,79,22.4,46,1012.3
2026-04-23,25.7,28.5,24.1,13.50,13.50,24.0,19.18,17.7,41.4,87,23.3,73,1012.0
2026-04-24,26.2,29.1,23.4,6.40,6.40,14.0,21.19,18.3,43.9,81,22.4,100,1012.0
2026-04-25,25.5,27.6,23.4,3.80,3.80,20.0,18.00,13.4,35.6,86,22.9,91,1011.9
2026-04-26,26.6,29.2,23.9,1.00,1.00,9.0,22.33,20.2,46.1,77,22.1,52,1012.4
2026-04-27,25.4,28.1,23.9,17.10,17.10,22.0,14.94,17.7,39.2,87,23.1,99,1013.0
2026-04-28,24.8,26.7,21.8,30.70,30.70,24.0,16.78,13.8,33.1,89,22.8,86,1013.0
2026-04-29,25.9,28.9,23.6,4.10,4.10,15.0,20.75,17.9,41.8,79,22.0,72,1012.1
2026-04-30,25.8,29.3,22.5,5.40,5.40,18.0,19.97,18.3,40.7,82,22.4,68,1011.6
2026-05-01,24.4,25.8,23.4,60.10,60.10,24.0,5.53,15.3,32.0,94,23.4,100,1013.2
2026-05-02,25.6,28.5,23.0,18.60,18.60,15.0,15.82,15.7,41.0,85,22.7,87,1013.4
2026-05-03,26.3,28.7,24.1,1.10,1.10,6.0,21.46,14.3,34.9,81,22.7,70,1013.3
2026-05-04,25.6,28.6,23.0,19.60,19.60,16.0,20.52,21.7,47.9,85,22.8,59,1013.6
2026-05-05,25.6,28.4,23.1,12.70,12.70,13.0,11.76,20.1,47.5,85,22.7,79,1014.6
2026-05-06,26.3,28.0,24.7,1.00,1.00,9.0,18.75,21.0,49.3,80,22.5,38,1013.6
2026-05-07,25.2,27.9,23.5,12.20,12.20,21.0,17.51,17.6,45.4,88,23.1,93,1012.7
2026-05-08,24.9,27.6,23.7,17.80,17.80,21.0,15.12,17.5,41.0,89,23.0,93,1012.9
2026-05-09,25.3,27.7,23.8,21.80,21.80,24.0,17.08,15.0,38.5,90,23.4,86,1013.0
2026-05-10,26.2,28.7,24.0,7.30,7.30,16.0,18.42,15.1,36.0,83,23.0,81,1013.5
2026-05-11,25.6,28.1,24.2,6.60,6.60,11.0,12.12,17.9,39.2,85,22.9,89,1013.1
2026-05-12,24.9,27.1,23.0,27.30,27.30,24.0,10.53,17.2,41.4,91,23.4,96,1013.6
2026-05-13,25.5,27.5,24.2,16.70,16.70,22.0,10.95,16.3,36.4,86,23.0,93,1014.3
2026-05-14,26.2,28.7,23.8,2.90,2.90,18.0,20.19,17.4,40.7,80,22.4,41,1014.2
2026-05-15,24.6,26.0,23.6,46.80,46.80,19.0,7.07,18.6,40.7,89,22.6,90,1014.5
2026-05-16,24.7,27.4,23.7,19.70,19.70,21.0,11.78,12.9,29.9,91,23.1,79,1014.1
2026-05-17,25.6,27.7,23.3,5.80,5.80,12.0,18.27,11.5,30.2,84,22.5,46,1014.1
2026-05-18,26.3,28.6,24.0,1.40,1.40,13.0,20.84,15.6,37.4,79,22.2,27,1014.9
2026-05-19,25.6,29.3,22.6,2.10,2.10,11.0,20.70,16.4,37.8,80,21.8,26,1015.2
2026-05-20,26.0,28.8,23.8,4.40,4.40,13.0,21.03,16.2,40.3,81,22.3,24,1014.9
2026-05-21,25.8,28.1,23.8,0.80,0.80,8.0,20.56,15.4,36.7,80,21.9,26,1014.9
2026-05-22,25.4,27.8,23.0,2.50,2.50,11.0,19.97,19.4,45.4,80,21.7,26,1015.2
2026-05-23,25.4,28.2,23.0,8.80,8.80,22.0,18.56,21.6,50.0,82,22.0,64,1015.0
2026-05-24,25.3,29.0,23.1,11.10,11.10,18.0,19.31,19.3,46.8,82,21.9,64,1014.2
2026-05-25,25.6,28.3,22.8,4.80,4.80,16.0,20.10,15.9,38.5,82,22.1,45,1014.8
2026-05-26,24.8,27.5,23.0,22.80,22.80,24.0,13.94,18.3,42.5,90,23.0,85,1015.4
2026-05-27,25.4,27.6,23.4,7.80,7.80,19.0,16.53,19.2,44.3,84,22.4,57,1014.4
2026-05-28,25.4,28.3,23.2,3.20,3.20,17.0,18.69,17.6,41.0,82,22.1,49,1014.2
2026-05-29,25.5,28.4,22.8,2.10,2.10,13.0,16.65,19.9,45.4,81,22.0,65,1014.6
2026-05-30,25.3,27.8,23.4,4.80,4.80,20.0,19.36,18.5,42.5,85,22.5,45,1015.3
2026-05-31,25.2,27.5,23.0,2.70,2.70,10.0,19.50,15.4,36.0,84,22.4,29,1014.8
2026-06-01,25.8,28.1,23.4,1.20,1.20,8.0,21.03,16.4,40.7,80,21.9,46,1014.9
2026-06-02,24.9,27.1,23.5,6.30,6.30,14.0,12.88,19.8,45.0,83,21.8,75,1016.1
2026-06-03,24.8,26.9,23.4,12.10,12.10,17.0,15.57,15.7,36.7,89,22.8,70,1017.1
2026-06-04,25.3,27.1,23.6,11.30,11.30,23.0,14.75,18.6,45.0,85,22.5,72,1016.4
2026-06-05,25.8,28.2,23.6,4.10,4.10,16.0,19.08,20.6,46.1,79,21.7,34,1015.1
2026-06-06,24.4,26.7,22.8,15.70,15.70,24.0,15.19,20.2,43.6,87,22.1,77,1014.3
2026-06-07,24.2,25.5,23.0,49.50,49.50,24.0,6.00,17.9,33.1,90,22.3,100,1015.3
2026-06-08,25.1,27.4,23.6,10.50,10.50,24.0,15.80,22.9,51.1,85,22.3,77,1016.5
2026-06-09,25.5,27.8,23.6,8.10,8.10,18.0,18.47,20.4,45.7,84,22.6,49,1015.8
2026-06-10,26.1,28.2,23.6,1.00,1.00,7.0,20.05,16.3,36.7,80,22.3,32,1014.4
2026-06-11,26.2,28.3,24.5,0.30,0.30,3.0,20.48,19.2,43.9,75,21.3,36,1015.2
2026-06-12,25.3,27.7,22.6,3.50,3.50,11.0,17.08,19.0,43.6,81,21.7,55,1016.1
2026-06-13,25.7,27.6,23.5,0.70,0.70,6.0,19.29,12.4,29.9,82,22.3,24,1016.9
2026-06-14,25.8,28.1,23.6,2.90,2.90,12.0,20.13,13.7,32.4,83,22.5,31,1016.7
2026-06-15,25.7,28.0,23.8,6.40,6.40,22.0,17.34,16.0,37.4,84,22.7,53,1015.6
2026-06-16,26.0,28.3,23.9,2.80,2.80,10.0,19.92,15.1,36.0,79,21.8,29,1014.7
2026-06-17,25.9,28.5,22.5,0.40,0.40,4.0,20.16,11.3,28.4,78,21.7,29,1015.8
2026-06-18,25.9,28.5,23.3,0.90,0.90,7.0,20.02,16.3,37.4,79,21.9,17,1016.5
2026-06-19,24.6,27.3,22.6,9.70,9.70,24.0,17.24,23.3,52.2,85,21.9,54,1015.7
2026-06-20,24.3,26.8,22.1,3.10,3.10,19.0,16.46,20.0,45.0,85,21.6,45,1015.0
2026-06-21,24.7,26.6,22.7,2.80,2.80,15.0,17.75,18.5,42.5,83,21.6,50,1015.4
2026-06-22,24.4,26.5,22.9,6.20,6.20,15.0,15.16,16.3,36.7,88,22.2,72,1015.8
2026-06-23,24.8,27.2,22.7,3.70,3.70,14.0,17.23,18.6,44.6,84,21.8,61,1014.6
2026-06-24,25.7,27.8,23.6,2.30,2.30,10.0,20.25,18.6,42.8,75,20.8,35,1014.2
2026-06-25,23.9,25.7,22.5,18.60,18.60,20.0,11.25,17.4,39.6,92,22.5,78,1015.7
2026-06-26,24.5,26.5,22.9,75.10,75.10,21.0,7.24,17.4,33.5,91,23.0,98,1017.1
2026-06-27,25.2,26.8,23.6,32.20,32.20,20.0,13.94,19.5,41.8,85,22.4,82,1016.9
2026-06-28,26.1,27.7,25.1,0.20,0.20,2.0,21.32,21.9,42.5,68,19.6,22,1016.2
2026-06-29,25.6,28.1,23.8,3.40,3.40,13.0,19.15,16.8,40.0,77,21.1,32,1015.8
2026-06-30,25.6,27.8,23.8,3.80,3.80,13.0,20.24,18.9,44.6,75,20.7,30,1015.5
2026-07-01,25.7,28.2,22.6,4.50,4.50,12.0,19.81,23.5,56.2,72,20.1,36,1015.9
2026-07-02,26.2,28.4,24.3,0.00,0.00,0.0,21.08,20.3,45.4,64,18.8,21,1016.1
2026-07-03,25.5,27.4,24.3,5.00,5.00,20.0,18.05,22.2,50.4,76,20.9,47,1015.9
2026-07-04,25.0,27.3,23.1,6.00,6.00,18.0,18.64,16.9,39.6,81,21.3,51,1016.1
2026-07-05,24.8,27.3,22.0,1.30,1.30,13.0,18.68,15.3,36.0,81,21.3,32,1016.1
2026-07-06,24.6,27.4,21.8,0.20,0.20,1.0,19.66,19.8,45.4,80,20.8,20,1016.6
2026-07-07,24.5,27.4,21.5,0.00,0.00,0.0,20.38,17.9,42.1,77,20.1,14,1017.3
2026-07-08,24.9,27.2,22.2,0.90,0.90,7.0,17.92,14.8,35.3,80,21.2,39,1017.7
2026-07-09,25.6,27.7,23.8,2.10,2.10,12.0,19.16,12.6,31.3,79,21.6,36,1017.3
2026-07-10,24.7,27.3,22.6,5.30,5.30,22.0,19.54,17.3,40.3,84,21.6,38,1016.3
2026-07-11,25.2,27.4,23.3,1.90,1.90,8.0,20.31,16.8,39.6,81,21.7,34,1016.0
2026-07-12,25.8,28.4,23.3,0.00,0.00,0.0,19.38,11.7,27.4,74,20.7,33,1015.5
2026-07-13,25.9,28.6,23.0,0.10,0.10,1.0,19.03,12.1,31.0,78,21.5,24,1014.6
2026-07-14,25.9,29.0,22.4,0.30,0.30,2.0,20.60,12.6,31.3,80,22.0,19,1015.6
2026-07-15,25.4,28.2,22.3,3.10,3.10,15.0,19.79,22.6,49.7,78,21.1,71,1017.6
2026-07-16,23.8,25.5,22.5,23.00,23.00,24.0,12.93,23.6,49.3,87,21.5,80,1018.7
2026-07-17,24.3,27.2,22.3,13.60,13.60,24.0,15.77,24.6,55.1,85,21.6,68,1017.7
2026-07-18,24.9,27.0,23.0,27.60,27.60,21.0,18.35,26.0,61.2,78,20.8,53,1015.9
2026-07-19,25.6,27.7,23.5,0.80,0.80,3.0,20.45,21.6,45.7,65,18.4,35,1014.9
2026-07-20,25.7,27.8,23.8,3.70,3.70,11.0,17.97,18.3,42.1,74,20.5,69,1014.6
2026-07-21,24.7,26.6,22.9,8.40,8.40,16.0,6.97,16.3,34.2,82,21.4,99,1014.9
2026-07-22,24.5,27.1,22.8,8.30,8.30,21.0,17.15,17.7,40.3,87,22.0,58,1014.9
2026-07-23,24.3,26.5,23.0,17.40,17.40,22.0,16.65,16.8,40.3,88,22.3,72,1015.7
2026-07-24,25.0,27.4,23.0,2.90,2.90,9.0,19.93,17.8,41.0,79,21.0,47,1015.6
2026-07-25,25.4,27.4,23.0,0.40,0.40,4.0,20.68,15.9,40.3,74,20.3,26,1016.8
2026-07-26,25.3,27.0,23.7,3.20,3.20,11.0,17.62,16.1,38.5,78,21.2,58,1016.3
2026-07-27,24.4,26.4,22.0,2.50,2.50,9.0,19.11,14.7,34.9,83,21.4,48,1016.4
2026-07-28,24.8,26.9,22.5,3.90,3.90,14.0,18.62,18.1,42.1,79,20.8,74,1017.0
2026-07-29,24.6,27.6,22.1,2.00,2.00,14.0,20.75,16.8,39.6,78,20.4,27,1017.3
2026-07-30,24.2,27.2,21.7,3.00,3.00,11.0,19.35,17.2,40.3,80,20.3,28,1017.2
2026-07-31,24.3,27.3,21.2,1.50,1.50,6.0,21.18,21.3,44.6,77,19.9,19,1017.3
2026-08-01,24.7,27.2,22.2,4.20,4.20,13.0,20.41,21.9,52.2,75,19.8,40,1017.5
2026-08-02,24.0,27.4,21.2,5.30,5.30,17.0,20.23,19.4,44.6,80,20.1,41,1016.8
2026-08-03,23.3,25.5,21.6,8.00,8.00,21.0,15.76,14.6,35.6,88,21.2,78,1016.4
2026-08-04,24.5,26.9,22.0,7.80,7.80,15.0,17.20,18.4,42.8,81,20.9,85,1016.3
2026-08-05,24.7,27.5,21.8,2.00,2.00,12.0,21.74,15.8,37.8,78,20.4,54,1016.2
2026-08-06,24.7,27.6,21.8,3.20,3.20,15.0,21.21,14.3,34.6,81,21.1,27,1016.0
2026-08-07,25.3,28.1,21.9,0.50,0.50,4.0,21.91,12.8,32.0,79,21.3,14,1015.7
2026-08-08,25.4,27.0,23.3,2.90,2.90,14.0,18.71,14.4,35.6,81,21.8,64,1015.6
2026-08-09,25.9,28.1,23.8,3.10,3.10,11.0,21.35,13.1,32.0,79,21.9,23,1016.3
2026-08-10,24.9,27.4,22.5,4.60,4.60,20.0,20.01,16.7,38.9,84,21.9,52,1017.1
2026-08-11,24.3,26.9,22.3,3.70,3.70,15.0,18.55,24.1,57.2,81,20.7,57,1017.5
2026-08-12,24.7,27.3,21.9,2.30,2.30,10.0,21.89,23.0,54.4,76,20.1,32,1017.0
2026-08-13,25.3,27.6,23.0,0.20,0.20,2.0,21.99,18.1,42.5,70,19.4,40,1016.9
2026-08-14,25.3,27.6,23.1,0.00,0.00,0.0,21.89,16.1,37.1,71,19.5,17,1017.3
2026-08-15,25.2,28.1,22.5,0.10,0.10,1.0,19.50,16.2,37.4,72,19.6,54,1017.2
2026-08-16,25.5,27.5,23.8,1.20,1.20,10.0,22.55,22.8,51.5,72,19.9,25,1017.4
2026-08-17,25.7,28.2,23.4,4.70,4.70,24.0,21.60,22.5,51.1,72,20.1,40,1016.9
2026-08-18,23.7,26.4,21.5,24.50,24.50,24.0,16.01,20.6,47.5,88,21.6,81,1017.8
2026-08-19,24.8,27.2,22.6,10.10,10.10,15.0,20.92,22.9,51.8,80,21.0,51,1017.8
2026-08-20,25.1,27.2,23.5,0.70,0.70,4.0,21.58,18.9,43.6,69,19.0,45,1017.7
2026-08-21,24.9,27.7,21.6,0.10,0.10,1.0,21.62,14.0,34.6,70,18.9,17,1017.0
2026-08-22,25.8,27.8,23.7,0.00,0.00,0.0,23.25,13.3,31.3,73,20.5,16,1016.8
2026-08-23,26.1,28.1,23.9,1.20,1.20,7.0,23.37,18.5,44.3,75,21.2,48,1016.8
2026-08-24,25.6,27.7,23.5,4.00,4.00,10.0,22.07,22.2,49.7,73,20.4,45,1016.9
2026-08-25,25.8,27.8,24.0,1.10,1.10,7.0,21.80,22.0,48.6,69,19.6,30,1016.3
2026-08-26,25.5,27.5,23.7,2.80,2.80,18.0,21.21,18.5,42.5,76,20.9,35,1015.3
2026-08-27,25.0,27.2,22.4,3.20,3.20,19.0,20.35,16.6,39.6,80,21.3,36,1015.5
2026-08-28,25.8,27.6,24.5,2.00,2.00,15.0,22.10,17.4,41.8,71,20.1,27,1015.8
2026-08-29,25.3,28.1,23.3,6.60,6.60,20.0,21.67,19.0,44.3,77,20.8,45,1016.0
2026-08-30,25.4,28.0,23.5,11.10,11.10,19.0,18.24,19.3,44.3,79,21.4,60,1015.6
2026-08-31,25.7,27.8,23.8,4.50,4.50,20.0,22.55,20.4,47.2,77,21.4,34,1015.6
2026-09-01,25.6,27.3,23.7,3.80,3.80,15.0,21.32,17.3,41.0,82,22.3,47,1015.6
2026-09-02,26.1,28.5,23.7,1.50,1.50,8.0,24.10,10.2,28.4,79,22.0,31,1016.0
2026-09-03,25.7,27.9,23.1,2.50,2.50,15.0,21.90,18.1,42.5,84,22.7,51,1015.8
2026-09-04,26.2,28.4,24.7,1.80,1.80,7.0,22.93,18.8,42.1,73,21.0,30,1015.8
2026-09-05,25.2,27.6,23.2,4.00,4.00,15.0,22.18,14.8,36.0,83,22.1,56,1014.3
2026-09-06,25.1,27.6,21.9,7.50,7.50,11.0,21.66,10.7,27.7,84,22.2,49,1014.2
2026-09-07,26.1,28.0,24.5,0.90,0.90,5.0,23.26,14.9,35.3,75,21.3,41,1015.5
2026-09-08,26.3,28.3,25.0,0.60,0.60,5.0,22.60,21.3,48.6,71,20.5,27,1017.0
2026-09-09,25.2,28.1,23.0,8.40,8.40,20.0,22.72,19.9,47.5,79,21.2,42,1016.9
2026-09-10,25.6,28.2,22.8,6.70,6.70,8.0,25.31,19.1,42.5,73,20.2,27,1016.2
2026-09-11,26.4,28.6,24.6,0.40,0.40,4.0,24.29,16.7,40.7,66,19.5,25,1015.7
2026-09-12,26.1,28.3,23.8,3.60,3.60,15.0,23.74,18.3,43.2,73,20.7,31,1015.5
2026-09-13,26.1,28.5,24.3,0.10,0.10,1.0,25.42,15.3,36.7,65,18.9,20,1016.2
2026-09-14,25.8,28.5,22.4,0.70,0.70,4.0,24.10,18.2,43.2,67,19.1,42,1015.3
2026-09-15,26.0,29.0,23.5,1.40,1.40,6.0,24.11,16.2,37.4,70,19.9,38,1016.2
2026-09-16,26.4,28.5,24.5,1.50,1.50,10.0,23.72,16.2,38.9,75,21.5,34,1017.1
2026-09-17,26.7,28.8,25.0,0.70,0.70,5.0,26.09,15.7,37.8,67,20.0,24,1018.5
2026-09-18,25.5,28.2,23.0,6.90,6.90,21.0,24.69,23.6,53.3,78,21.2,37,1017.8
2026-09-19,25.1,28.1,22.0,3.70,3.70,16.0,24.12,21.1,48.6,78,20.8,35,1016.9
2026-09-20,25.4,27.8,22.5,2.20,2.20,10.0,24.70,19.4,45.4,72,19.8,29,1017.2
2026-09-21,25.6,28.1,22.8,1.60,1.60,10.0,25.26,18.0,42.5,73,20.2,28,1016.9
2026-09-22,25.8,28.2,22.9,2.50,2.50,10.0,21.67,14.1,35.6,75,20.8,48,1015.1
2026-09-23,26.2,28.1,24.4,0.60,0.60,6.0,20.31,14.4,35.6,72,20.7,52,1013.9
2026-09-24,26.4,28.8,24.2,0.10,0.10,1.0,23.88,14.4,33.5,68,19.8,45,1014.3
2026-09-25,25.7,28.2,23.1,3.80,3.80,14.0,21.85,16.7,40.3,76,20.9,43,1015.1
2026-09-26,25.8,28.0,23.5,2.80,2.80,15.0,23.27,18.4,43.9,75,20.9,40,1015.9
2026-09-27,25.4,27.5,23.4,4.50,4.50,20.0,24.42,15.2,37.1,80,21.6,33,1015.3
2026-09-28,25.3,27.3,23.5,5.50,5.50,14.0,21.39,15.1,37.1,81,21.7,49,1014.9
2026-09-29,26.0,27.9,23.7,1.70,1.70,11.0,24.79,17.2,41.4,76,21.3,39,1014.5
2026-09-30,25.9,27.9,23.9,3.90,3.90,18.0,22.60,16.5,39.6,81,22.4,51,1014.9
2026-10-01,26.1,28.4,24.4,3.20,3.20,13.0,23.04,18.0,42.5,81,22.5,48,1014.2
2026-10-02,26.5,28.9,24.6,0.30,0.30,3.0,23.34,17.1,41.0,74,21.3,27,1013.8
2026-10-03,26.8,29.0,25.1,1.10,1.10,8.0,26.09,17.5,42.5,69,20.7,45,1014.5
2026-10-04,26.6,28.8,25.1,1.60,1.60,8.0,25.57,21.1,49.7,66,19.4,23,1016.2
